budget,mean_contour_count_error,mean_area_frac_error,mean_score,oracle_score
direct,41.34285714285714,0.02326290891476982,17.110792551190666,18.053035220136547
tiny,40.6,0.025463764149454872,17.79097147037845,18.053035220136547
small,46.68571428571428,0.028152403820566187,17.85411839308394,18.053035220136547
medium,39.457142857142856,0.02285938010275492,18.243056106053675,18.053035220136547
