method,branch,test_mae,test_nmae
fl_ridge_dino,full_leaf,1.5370730309227434,0.31877198021683195
fl_ridge_resnet,full_leaf,1.3677953486634649,0.28275846045417036
fl_ridge_handcrafted,full_leaf,1.3923486308913138,0.25330031571223594
fl_mlp_dino,full_leaf,9.9847281614623,2.9354532608249917
fl_ensemble,full_leaf,3.7748662129196013,1.15406275165745
