agg_method,fl_nmae,pa_nmae_vs_fl,pa_nmae_vs_apo,oracle_gap,n_leaves
mean,1.1540627516574502,0.9062359607139476,0.7749371959825745,0.3267136394011091,35
robust_median,1.1540627516574502,0.9616837152161684,0.836426941540677,0.3267136394011091,35
selective_mixture,1.1540627516574502,0.921373176752955,0.7873098754453806,0.3267136394011091,35
top_k_confident,1.1540627516574502,1.0373676191536358,0.9126549310112316,0.3267136394011091,35
uncertainty_weighted,1.1540627516574502,0.910928304269913,0.7754906390956386,0.3267136394011091,35
