bin,n,mean_unc,mean_err,std_err
0,35,0.017724305391311646,0.008160027675330639,0.0026200246065855026
1,35,0.05481470748782158,0.026643535122275352,0.0107182702049613
2,34,0.10586442798376083,0.06235856935381889,0.021159294992685318
3,35,0.14380355179309845,0.0974806547164917,0.030569657683372498
4,35,0.1877208948135376,0.11570672690868378,0.032496221363544464
