method,mean_pca_dist,median_pca_dist,max_pca_dist
B0_mean,0.24498508870601654,0.23870867490768433,0.47435224056243896
B0b_knn,0.2638500563934078,0.22445166885636872,0.48394971545286375
B1_ridge_dino,0.37974563241004944,0.37454846501350403,0.5796281695365906
B1_ridge_resnet,0.2596447169780731,0.2152651697397232,0.4889286458492279
B2_mlp_dino,0.4444451332092285,0.410312682390213,0.9304817318916321
B3_ensemble,0.2788510322570801,0.2864413559436798,0.612882673740387
