budget,mean_mae_to_star,wall_time_sec,score_predicted,score_oracle,n_evals
direct,0.103256853725476,2.982839291436332,17.110792551190666,18.053035220136547,1.0
medium,0.1054443391553145,28.881756019592284,18.24305610605368,18.053035220136547,9.914285714285716
small,0.1059456156695033,17.968038197926113,17.85411839308394,18.053035220136547,5.971428571428572
tiny,0.1045524706565109,11.034403821400234,17.79097147037845,18.053035220136547,3.6
