branch,fraction_refined,mae_vs_full_target,runtime_mean_sec,speedup_vs_full_leaf_full_opt,speedup_vs_patch_full_refinement,speedup_target
full,0.1,0.08694257944155698,40.15299798954617,10.765816863594553,,1.5
full,0.1,0.08694257944155698,40.15299798954617,10.765816863594553,,2.0
full,0.1,0.08694257944155698,40.15299798954617,10.765816863594553,,4.0
patch,0.30000000000000004,0.08444011247784552,7.528817772865295,,2.1762179451245265,1.5
patch,0.30000000000000004,0.08444011247784552,7.528817772865295,,2.1762179451245265,2.0
patch,0.1,0.0851857465557116,2.7751071724024685,,5.904041654974231,4.0
