domain,n_images,mean_height,mean_width
leaves_primary,174,1104.3045977011495,3900.0
18p7_total,78,1322.4358974358975,3900.0
18p7_external_unique,63,1323.4761904761904,3900.0
