config,patch_size,stride,total_patches,mean_patches_per_leaf,median_patches_per_leaf,mean_heterogeneity,n_oracle
p224_s224,224,224,13192,75.816091954023,85.0,1.2989801771563623,13192
p224_s112,224,112,47916,275.37931034482756,297.0,1.9029102768957,870
p336_s168,336,168,19228,110.50574712643679,110.0,1.291376732329523,19228
