agg_method,fl_nmae_mean,fl_ci_lo,fl_ci_hi,pa_nmae_mean,pa_ci_lo,pa_ci_hi,diff_mean,diff_ci_lo,diff_ci_hi,wilcoxon_stat,wilcoxon_pval,n_leaves
mean,1.1540627516574504,1.0215157741376761,1.2929762933877562,0.9062359607139476,0.8135475672595647,1.0053462856985247,0.24782679094350263,0.09693512676031434,0.4047528541904784,138.0,0.0030071966466493905,35
uncertainty_weighted,1.1540627516574504,1.0215157741376761,1.2929762933877562,0.9109283042699129,0.8135679465325049,1.012434425445825,0.24313444738753734,0.08937942710556447,0.3993479186852013,147.0,0.00505499227438122,35
robust_median,1.1540627516574504,1.0215157741376761,1.2929762933877562,0.9616837152161684,0.858376617813789,1.0674475323936423,0.19237903644128188,0.020093751609727227,0.36551539466218214,195.0,0.04945776046952233,35
top_k_confident,1.1540627516574504,1.0215157741376761,1.2929762933877562,1.0373676191536358,0.92273206177401,1.1770387270990972,0.11669513250381462,-0.05605200309307717,0.28810033776817784,242.0,0.23828783858334646,35
selective_mixture,1.1540627516574504,1.0215157741376761,1.2929762933877562,0.921373176752955,0.8209076752993303,1.026899163458444,0.2326895749044953,0.0777319783005976,0.3917597991506361,159.0,0.009625356877222657,35
