method,fl_mae_norm_mean,fl_mae_norm_ci_lo,fl_mae_norm_ci_hi,patch_mae_norm_mean,patch_mae_norm_ci_lo,patch_mae_norm_ci_hi,diff_mean,diff_ci_lo,diff_ci_hi,wilcoxon_stat,wilcoxon_pval,fl_wins,patch_wins,ties
mean_direct,0.2663941613386923,0.2172076043182885,0.3153520991894327,1.9149296997985543,1.7335320198654027,2.1042876910818644,-1.648535538459862,-1.8426811871554412,-1.4697665300122464,0.0,1.1368683772161605e-13,44,0,0
uncertainty_weighted,0.2663941613386923,0.2172076043182885,0.3153520991894327,1.9145347877162824,1.7401008944050278,2.100564783013097,-1.6481406263775895,-1.8415163964194183,-1.468491237380122,0.0,1.1368683772161605e-13,44,0,0
selective_mixture,0.2663941613386923,0.2172076043182885,0.3153520991894327,0.7807121998302208,0.6356917059649103,0.9380818716602648,-0.5143180384915286,-0.6729067323687742,-0.3651269959006017,68.0,2.732474513322813e-08,37,7,0
robust_median,0.2663941613386923,0.2172076043182885,0.3153520991894327,1.9412944341371248,1.7497007798509892,2.137841274488111,-1.6749002727984337,-1.8744383744742168,-1.487050062388381,0.0,1.1368683772161605e-13,44,0,0
