method,fl_mean_mae_norm,fl_mean_mae_raw,patch_mean_mae_norm,patch_mean_mae_raw,n_leaves
mean_direct,0.2663941613386923,1.1999802550258625,1.9149296997985543,10.021078042715729,44
robust_median,0.2663941613386923,1.1999802550258625,1.9412944341371257,10.027057076531255,44
selective_mixture,0.2663941613386923,1.1999802550258625,0.780712199830221,7.989240133367229,44
uncertainty_weighted,0.2663941613386923,1.1999802550258625,1.9145347877162824,10.022467848684649,44
