budget,fl_runtime_sec,patch_runtime_sec_per_patch,patch_speedup_vs_patch_full,fl_speedup_vs_fl_medium
direct,2.982839291436332,0.1740551381497769,16.292560209386487,9.68263898846686
tiny,11.034403821400234,0.6619812891582892,4.2838126462215484,2.617427863531577
small,17.968038197926113,1.126331042891931,2.517735647929232,1.6073961832364003
medium,28.881756019592284,1.7623975048486955,1.6090602774098806,1.0
