method,mae_vs_fl_norm,mae_vs_apo_norm,oracle_gap_norm
lesion_weighted,1.9140137695847708,1.796245267741908,0.3090079782442305
mean_direct,1.9149297004741208,1.7973133814093607,0.3090079782442305
robust_median,1.941294434812692,1.827187262529443,0.3090079782442305
selective_mixture,0.7807122005057873,0.6158734202716193,0.3090079782442305
topk_confident,1.9447690345417508,1.8245562584191868,0.3090079782442305
uncertainty_weighted,1.9145347883918484,1.7973834358647276,0.3090079782442305
