n_total,n_ok,ok_fraction,score_mean,score_std,score_median,score_p10,score_p90,elapsed_seconds_mean,elapsed_seconds_std,elapsed_seconds_median,elapsed_seconds_p10,elapsed_seconds_p90,n_contours_mean,n_contours_std,n_contours_median,n_contours_p10,n_contours_p90,area_px_mean,area_px_std,area_px_median,area_px_p10,area_px_p90,mu_mean,mu_std,mu_median,lambda_mean,lambda_std,lambda_median,diffusion_rate_mean,diffusion_rate_std,diffusion_rate_median,alpha_mean,alpha_std,alpha_median,beta_mean,beta_std,beta_median,gamma_mean,gamma_std,gamma_median,energy_threshold_mean,energy_threshold_std,energy_threshold_median
174,174,1.0,21.096285523617066,6.0624680571077505,19.590718295813357,15.432232436046116,28.332539472180645,258.10769816239673,125.43384210199896,241.97587168216705,130.4550053358078,388.6363500595093,297.764367816092,266.33907871391324,187.0,90.3,677.0000000000003,388476.0689655172,318948.4798447343,323899.0,44283.9,786269.5000000003,0.14660604569749006,0.13398616670006983,0.07599570497104399,0.3010060807841072,0.18058292650667274,0.2689541715450182,0.21730974670793207,0.08336425671190757,0.21528916294944905,0.023964033315536242,0.015023555120485631,0.02353416788971715,0.12043331375543852,0.07377651643714109,0.11810400855404596,0.2515697733433094,0.12958316170030318,0.24833406899810412,70.83908045977012,9.528628677174762,74.0
