method,mean_pca_dist,median_pca_dist
B0_mean,0.24336357414722443,0.24083667993545532
B0b_knn,0.26236075964029326,0.23277607532078481
B1_ridge_dino,0.3844727575778961,0.3866517245769501
B1_ridge_resnet,0.2623118758201599,0.21913526952266693
B2_mlp_dino,0.4565432369709015,0.46079543232917786
B3_ensemble,0.278883695602417,0.28764691948890686
