budget,score_predicted,score_oracle,mean_mae_to_star,wall_time_sec,n_evals
direct,17.110792551190666,18.053035220136547,0.10325685372547604,2.9828392914363318,1.0
medium,18.24305610605368,18.053035220136547,0.10544433915531448,28.881756019592284,9.914285714285715
small,17.85411839308394,18.053035220136547,0.1059456156695033,17.968038197926113,5.9714285714285715
tiny,17.790971470378448,18.053035220136547,0.10455247065651094,11.034403821400234,3.6
