{
  "optimizer_summary_stats": {
    "n_total": 174.0,
    "n_ok": 174.0,
    "ok_fraction": 1.0,
    "score_mean": 21.096285523617063,
    "score_std": 6.062468057107751,
    "score_median": 19.59071829581336,
    "score_p10": 15.432232436046116,
    "score_p90": 28.332539472180645,
    "elapsed_seconds_mean": 258.1076981623968,
    "elapsed_seconds_std": 125.43384210199896,
    "elapsed_seconds_median": 241.97587168216705,
    "elapsed_seconds_p10": 130.4550053358078,
    "elapsed_seconds_p90": 388.6363500595093,
    "n_contours_mean": 297.764367816092,
    "n_contours_std": 266.33907871391324,
    "n_contours_median": 187.0,
    "n_contours_p10": 90.3,
    "n_contours_p90": 677.0000000000003,
    "area_px_mean": 388476.0689655172,
    "area_px_std": 318948.4798447343,
    "area_px_median": 323899.0,
    "area_px_p10": 44283.9,
    "area_px_p90": 786269.5000000003,
    "mu_mean": 0.14660604569749,
    "mu_std": 0.1339861667000698,
    "mu_median": 0.0759957049710439,
    "lambda_mean": 0.3010060807841072,
    "lambda_std": 0.1805829265066727,
    "lambda_median": 0.2689541715450182,
    "diffusion_rate_mean": 0.217309746707932,
    "diffusion_rate_std": 0.0833642567119075,
    "diffusion_rate_median": 0.215289162949449,
    "alpha_mean": 0.0239640333155362,
    "alpha_std": 0.0150235551204856,
    "alpha_median": 0.0235341678897171,
    "beta_mean": 0.1204333137554385,
    "beta_std": 0.073776516437141,
    "beta_median": 0.1181040085540459,
    "gamma_mean": 0.2515697733433094,
    "gamma_std": 0.1295831617003031,
    "gamma_median": 0.2483340689981041,
    "energy_threshold_mean": 70.83908045977012,
    "energy_threshold_std": 9.528628677174762,
    "energy_threshold_median": 74.0
  },
  "status_counts": [
    [
      "ok",
      174
    ]
  ]
}