budget,n_patches,mean_runtime,mean_scorer_calls,mean_mae,mean_score_recovery
direct,407,0.1740551381497769,1.0,5.339479645105486,0.7406321576034698
full,407,2.835803818058323,23.110565110565112,2.107019246329327,1.0068376468244906
large,407,3.343895325203785,21.0,5.21422335735227,0.819095551398312
medium,407,1.7623975048486955,11.0,5.220381258636786,0.8065623422483061
small,407,1.126331042891931,7.0,5.241136954772385,0.7965692072461095
tiny,407,0.6619812891582892,4.0,5.281610210254532,0.7782469668193248
