coverage,n,risk_mae
0.1,22,5.762043004686182
0.2,44,5.812920524315401
0.3,66,5.736442615588506
0.4,88,5.759925838898528
0.5,110,5.831994742696936
0.6,132,5.7703160151387705
0.7000000000000001,154,5.794158399879159
0.8,176,5.87464156950062
0.9,198,5.899022668600082
1.0,220,5.971410506692799
